{
  "order": [
    1,
    1,
    2
  ],
  "seasonal_order": [
    0,
    1,
    1,
    21
  ],
  "aic_gridsearch": 17000.24,
  "mae": 93.07021424433019,
  "rmse": 118.94628795496088,
  "mape": 3.572711784040657
}